scenario,PVR_WU,mPAP_mmHg,CO_L_min,SaO2,SvO2,PaO2,S_end_range,tau_min_s,tau_max_s,tau_ratio_min,tau_ratio_max,effective_vc_ml,converged,mass_error,contrast,volume_rule,f_RUL,S_RUL,tau_RUL,PAO2_RUL,Vc_RUL,f_RML,S_RML,tau_RML,PAO2_RML,Vc_RML,f_RLL,S_RLL,tau_RLL,PAO2_RLL,Vc_RLL,f_LUL,S_LUL,tau_LUL,PAO2_LUL,Vc_LUL,f_LLL,S_LLL,tau_LLL,PAO2_LLL,Vc_LLL
均匀_解剖容积86,4.190000000000001,24.535588442565192,3.9464411557434818,0.9596733694367262,0.6532634716202966,86.68845803550396,0.00047648721742665767,1.3011493408014398,1.3375517237544758,4.337164469338133,4.458505745848253,86.0,True,-1.5633361272193724e-09,1.0,解剖容积86,0.2054841340242402,0.9681067625202143,1.3052365436832396,100.0,17.640947203465355,0.09397776880256027,0.9685268242786327,1.3375517237544758,100.0,8.267802551987304,0.23796850269655678,0.9681352854978373,1.3073240019799783,100.0,20.46242468436102,0.2533322176627914,0.9680846276512826,1.3036265508160454,100.0,21.72190966273217,0.20923737681385135,0.968050337061206,1.3011493408014398,100.0,17.906915897454137
均匀_固定总容积21.31,4.190000000000001,24.535588442565192,3.9464411557434818,0.8096421121682277,0.5197146799188532,45.813647768641694,0.004575774559129386,0.32241270293579866,0.33143287480474276,1.0747090097859955,1.1047762493491426,21.31,True,-9.831666147874785e-09,1.0,固定总容积21.31,0.2054841340242402,0.8182568005722073,0.3234254737894167,100.0,4.371262615184264,0.09397776880256027,0.8223119312145575,0.33143287480474276,100.0,2.0486845625912724,0.23796850269655678,0.8185220318820255,0.32394272653713185,100.0,5.070398488648062,0.2533322176627914,0.8180519231620446,0.32302653253360386,100.0,5.3824871501491,0.20923737681385135,0.8177361566554281,0.32241270293579866,100.0,4.437167183427298
左上叶保留_对比4_解剖容积86,4.190000000000017,24.535588442565235,3.946441155743477,0.9436048464993684,0.6363205248281183,76.08531808722769,0.038781296725076575,0.6447064352404165,2.0321742423566826,2.1490214508013885,6.773914141188943,86.0,True,-2.1679795736417873e-09,4.0,解剖容积86,0.13410958779551177,0.9717926092917962,1.9998972876159955,100.0,17.640947203465355,0.06185499453565146,0.9718362286908887,2.0321742423566826,100.0,8.267802551987304,0.15539662705583104,0.9717955768060001,2.001986408486674,100.0,20.46242468436102,0.5122495868979058,0.9330549319658121,0.6447064352404165,100.0,21.72190966273217,0.13638920371509997,0.971787189553428,1.9961189558746883,100.0,17.906915897454137
左上叶保留_对比4_固定总容积21.31,4.190000000000017,24.535588442565235,3.946441155743477,0.7750318895250271,0.4926932975142398,42.3737834507922,0.19204072666544236,0.1597522573834102,0.5035538733095454,0.5325075246113674,1.678512911031818,21.31,True,-1.044617192746955e-08,4.0,固定总容积21.31,0.13410958779551177,0.8802976329056122,0.49555594417554494,100.0,4.371262615184264,0.06185499453565146,0.8827158894083127,0.5035538733095454,100.0,2.0486845625912724,0.15539662705583104,0.8804561130898245,0.49607360889361646,100.0,5.070398488648062,0.5122495868979058,0.6906751627428703,0.1597522573834102,100.0,5.3824871501491,0.13638920371509997,0.8800103141500665,0.49461970871732097,100.0,4.437167183427298
左上叶保留_对比10_解剖容积86,4.190000000000012,24.535588442565224,3.9464411557434786,0.9138922625405561,0.6067981696673187,64.28065357410804,0.07307061805676085,0.4828424564493244,3.1207010026075386,1.6094748548310813,10.402336675358463,86.0,True,-4.796220309799537e-09,10.0,解剖容积86,0.08684144324539014,0.9722078790317438,3.088449372238875,100.0,17.640947203465355,0.04027945213316943,0.9722091382511101,3.1207010026075386,100.0,8.267802551987304,0.10066265890362476,0.972207964808606,3.090539616962608,100.0,20.46242468436102,0.6839717607910589,0.8991385201943493,0.4828424564493244,100.0,21.72190966273217,0.0882446849267568,0.972207742878933,3.085161164531693,100.0,17.906915897454137
左上叶保留_对比10_固定总容积21.31,4.190000000000012,24.535588442565224,3.9464411557434786,0.7093526006248588,0.44360392098491663,37.295095950010285,0.3146114688250049,0.11964386915040819,0.7732806786693794,0.3988128971680273,2.577602262231265,21.31,True,-8.705058007763e-09,10.0,固定总容积21.31,0.08684144324539014,0.9309847367426138,0.765289024679191,100.0,4.371262615184264,0.04027945213316943,0.9320687009251938,0.7732806786693794,100.0,2.0486845625912724,0.10066265890362476,0.9310558674715421,0.765806967877595,100.0,5.070398488648062,0.6839717607910589,0.6174572321001889,0.11964386915040819,100.0,5.3824871501491,0.0882446849267568,0.9308725906598501,0.7644742373973299,100.0,4.437167183427298
左上叶保留_对比25_解剖容积86,4.190000000000021,24.535588442565246,3.946441155743476,0.87899015721322,0.5765859171687033,55.857844159629586,0.10334241931851118,0.40273270735406824,5.457998955704104,1.3424423578468943,18.193329852347016,86.0,True,-5.329098939910182e-09,25.0,解剖容积86,0.04943179137762813,0.9722202274671443,5.425767373604183,100.0,17.640947203465355,0.02303044168322829,0.9722202280304323,5.457998955704104,100.0,8.267802551987304,0.05731577823839446,0.9722202275055541,5.427858520850489,100.0,20.46242468436102,0.8200242967402702,0.8688778087119211,0.40273270735406824,100.0,21.72190966273217,0.05019769196047882,0.9722202274258942,5.423537702225637,100.0,17.906915897454137
左上叶保留_对比25_固定总容积21.31,4.190000000000021,24.535588442565246,3.946441155743476,0.6192741195454398,0.38427005905964073,32.09099174344021,0.41509630813391574,0.09979341853157205,1.352441369140168,0.3326447284385735,4.508137897133894,21.31,True,-1.1397844446037197e-08,25.0,固定总容积21.31,0.04943179137762813,0.965566842350371,1.3444546829244783,100.0,4.371262615184264,0.02303044168322829,0.965741633830297,1.352441369140168,100.0,2.0486845625912724,0.05731577823839446,0.9655783243194703,1.3449728497595803,100.0,5.070398488648062,0.8200242967402702,0.5506453256963812,0.09979341853157205,100.0,5.3824871501491,0.05019769196047882,0.9655545779140012,1.3439021910980036,100.0,4.437167183427298
左上叶保留_对比60_解剖容积86,4.1900000000000235,24.535588442565256,3.9464411557434755,0.8508576705159112,0.5534325221368499,51.077497058284635,0.124331337827019,0.36432421610129156,10.47649574878513,1.214414053670972,34.92165249595043,86.0,True,-8.182439614756731e-09,60.0,解剖容积86,0.025679652453047656,0.9722202329967118,10.444276898448162,100.0,17.640947203465355,0.011998298827262036,0.9722202329967118,10.47649574878513,100.0,8.267802551987304,0.0297808689760953,0.9722202329967118,10.446368624775985,100.0,20.46242468436102,0.9064744821423201,0.8478888951696928,0.36432421610129156,100.0,21.72190966273217,0.02606669760127494,0.9722202329967118,10.444325517439148,100.0,17.906915897454137
左上叶保留_对比60_固定总容积21.31,4.1900000000000235,24.535588442565256,3.9464411557434755,0.5355061015409422,0.32964773396257846,28.24996465895436,0.47547926388520284,0.0902761516874247,2.5959781907745474,0.30092050562474904,8.653260635915158,21.31,True,-1.2146728067818913e-08,60.0,固定总容积21.31,0.025679652453047656,0.9721050426367612,2.5879946593712835,100.0,4.371262615184264,0.011998298827262036,0.97210806762758,2.5959781907745474,100.0,2.0486845625912724,0.0297808689760953,0.9721052414794515,2.588512969697398,100.0,5.070398488648062,0.9064744821423201,0.4966288037423771,0.0902761516874247,100.0,5.3824871501491,0.02606669760127494,0.9721050472624574,2.5880067067049795,100.0,4.437167183427298
旧极限局灶_容积随开放比例,4.189821124338802,24.535090957596967,3.9464909042403042,0.8095927399215465,0.5196760871682956,45.80821299828196,0.017847362858484095,0.2914780137524193,0.3244896885042296,0.971593379174731,1.0816322950140986,21.306927376851892,True,-9.882882068268373e-09,,开放比例缩放,0.004600724708036168,0.8009415527439401,0.2914780137524193,100.0,0.08820473601732677,0.0021550361547092436,0.8010334719482535,0.29163905634901777,100.0,0.04133901275993652,0.005336369016099156,0.800947525433344,0.2914884752883236,100.0,0.10231212342180511,0.9832395264973922,0.8187889156024242,0.3244896885042296,100.0,20.98553692516555,0.004668343623763186,0.8010037529636689,0.29158697918193494,100.0,0.08953457948727069
