scenario,PVR_WU,mPAP_mmHg,CO_L_min,SaO2,SvO2,Q_RV_L_min,E_RV,def_RV,dem_RV,used_RV,DO2_RV,total_deficit,drive_mmHg
固定血流份额,1.0569301376038236,13.353030811375003,5.0646969188624995,0.9570108576253439,0.7186262867629434,0.253234845943125,0.5569511111468238,0.0,27.5,27.5,49.37596756629943,0.0,76.646969188625
冠脉驱动压,1.0569301376038236,13.353030811375003,5.0646969188624995,0.9570108576253439,0.7186262867629436,0.2532498981958756,0.5569180079986905,0.0,27.5,27.5,49.37890246864608,0.0,76.646969188625
冠脉驱动压加功率需求,1.0569301376038236,13.353030811375003,5.0646969188624995,0.9570108576253439,0.7186262867629436,0.2532498981958756,0.5569180079986905,0.0,27.5,27.5,49.37890246864608,0.0,76.646969188625
固定血流份额,3.0000000000000004,20.923076923076927,4.307692307692308,0.9589881346920925,0.6780897062464971,0.21538461538461542,0.6533328394074166,0.0,27.5,27.5,42.0918685565277,0.0,69.07692307692307
冠脉驱动压,3.0000000000000004,20.923076923076927,4.307692307692308,0.9589881346920925,0.6780897062464971,0.22823764490757328,0.6165408970588091,0.0,27.5,27.5,44.60369154939757,0.0,69.07692307692307
冠脉驱动压加功率需求,3.0000000000000004,20.923076923076927,4.307692307692308,0.9587844866822076,0.673610882143824,0.22823764490757328,0.7,5.434402100250441,36.64963110927466,31.215229009024217,44.593184298606026,5.434402100250452,69.07692307692307
固定血流份额,4.1899999999999995,24.535588442565185,3.9464411557434818,0.9596756005618775,0.6532658796781433,0.1973220577871741,0.7,0.4851231324412879,27.5,27.014876867558712,38.59268123936959,0.4851231324412879,65.46441155743481
冠脉驱动压,4.1899999999999995,24.535588442565185,3.9464411557434818,0.959650363894247,0.6526312498020865,0.21630151508761422,0.6500646057954613,0.0,27.5,27.5,42.30348761466441,0.0,65.46441155743481
冠脉驱动压加功率需求,4.1899999999999995,24.535588442565185,3.9464411557434818,0.9595406435880423,0.649872634419889,0.21630151508761422,0.7,9.764594558239509,39.37327054684855,29.608675988609043,42.29810855515578,9.76459455823948,65.46441155743481
固定血流份额,6.000000000000003,29.000000000000007,3.4999999999999996,0.9606029373802972,0.6287492696056641,0.175,0.7,3.5153799544149926,27.5,23.984620045585007,34.2637429222643,10.58458974928243,60.99999999999999
冠脉驱动压,6.000000000000003,29.000000000000007,3.4999999999999996,0.9604706965902337,0.6248817556092596,0.20155061515780134,0.6969771530618363,0.0,27.5,27.5,39.45609964285326,7.947503245735106,60.99999999999999
冠脉驱动压加功率需求,6.000000000000003,29.000000000000007,3.4999999999999996,0.9604647609136193,0.6247081895040698,0.20155061515780134,0.7,13.653862356542799,41.2729416513224,27.6190792947796,39.45582756397086,21.602103808130522,60.99999999999999
固定血流份额,9.999999999999998,36.0,2.8000000000000003,0.9617235282724563,0.6043968027057733,0.14,0.6999999999999998,8.287259270104695,27.5,19.212740729895305,27.44677247127901,43.9406731223132,54.0
冠脉驱动压,9.999999999999998,36.0,2.8000000000000003,0.9615768917799014,0.5993035860660482,0.17842185604133234,0.7,3.018664669296392,27.5,24.481335330703608,34.97333618671944,41.14669945205671,54.0
冠脉驱动压加功率需求,9.999999999999998,36.0,2.8000000000000003,0.9615768917799014,0.5993035860660482,0.17842185604133234,0.7,16.506965343713112,40.98830067441672,24.481335330703608,34.97333618671944,54.63500012647344,54.0

