scenario,PVR_WU,mPAP_mmHg,CO_L_min,SaO2,SvO2,PaO2,S_end_range,tau_min_s,tau_max_s,tau_ratio_min,tau_ratio_max,effective_vc_ml,converged,mass_error,exchange_mode,vc_ml,f_RUL,S_RUL,tau_RUL,PAO2_RUL,Vc_RUL,f_RML,S_RML,tau_RML,PAO2_RML,Vc_RML,f_RLL,S_RLL,tau_RLL,PAO2_RLL,Vc_RLL,f_LUL,S_LUL,tau_LUL,PAO2_LUL,Vc_LUL,f_LLL,S_LLL,tau_LLL,PAO2_LLL,Vc_LLL
均匀_saturation_Vc86,4.190000000000001,24.535588442565192,3.9464411557434818,0.9596733694367262,0.6532634716202966,86.68845803550396,0.00047648721742665767,1.3011493408014398,1.3375517237544758,4.337164469338133,4.458505745848253,86.0,True,-1.5633361272193724e-09,saturation,86.0,0.2054841340242402,0.9681067625202143,1.3052365436832396,100.0,17.640947203465355,0.09397776880256027,0.9685268242786327,1.3375517237544758,100.0,8.267802551987304,0.23796850269655678,0.9681352854978373,1.3073240019799783,100.0,20.46242468436102,0.2533322176627914,0.9680846276512826,1.3036265508160454,100.0,21.72190966273217,0.20923737681385135,0.968050337061206,1.3011493408014398,100.0,17.906915897454137
均匀_content_Vc86,4.190000000000001,24.535588442565192,3.9464411557434818,0.9602611281381782,0.6538985121492804,87.18090884380125,0.00041553054735143924,1.3011493408014398,1.3375517237544758,4.337164469338133,4.458505745848253,86.0,True,-1.3468195447785547e-09,content,86.0,0.2054841340242402,0.9686745855698828,1.3052365436832396,100.0,17.640947203465355,0.09397776880256027,0.9690408495384967,1.3375517237544758,100.0,8.267802551987304,0.23796850269655678,0.9686994838325125,1.3073240019799783,100.0,20.46242468436102,0.2533322176627914,0.96865526107989,1.3036265508160454,100.0,21.72190966273217,0.20923737681385135,0.9686253189911452,1.3011493408014398,100.0,17.906915897454137
均匀_diffusion_Vc86,4.190000000000001,24.535588442565192,3.9464411557434818,0.9639497824021164,0.6579192496083728,90.5122954272239,0.0,1.3011493408014398,1.3375517237544758,4.337164469338133,4.458505745848253,86.0,True,-9.249845334124984e-10,diffusion,86.0,0.2054841340242402,0.9722202329967121,1.3052365436832396,100.0,17.640947203465355,0.09397776880256027,0.9722202329967121,1.3375517237544758,100.0,8.267802551987304,0.23796850269655678,0.9722202329967121,1.3073240019799783,100.0,20.46242468436102,0.2533322176627914,0.9722202329967121,1.3036265508160454,100.0,21.72190966273217,0.20923737681385135,0.9722202329967121,1.3011493408014398,100.0,17.906915897454137
均匀_saturation_Vc21.31,4.190000000000001,24.535588442565192,3.9464411557434818,0.8096421121682277,0.5197146799188532,45.813647768641694,0.004575774559129386,0.32241270293579866,0.33143287480474276,1.0747090097859955,1.1047762493491426,21.31,True,-9.831666147874785e-09,saturation,21.31,0.2054841340242402,0.8182568005722073,0.3234254737894167,100.0,4.371262615184264,0.09397776880256027,0.8223119312145575,0.33143287480474276,100.0,2.0486845625912724,0.23796850269655678,0.8185220318820255,0.32394272653713185,100.0,5.070398488648062,0.2533322176627914,0.8180519231620446,0.32302653253360386,100.0,5.3824871501491,0.20923737681385135,0.8177361566554281,0.32241270293579866,100.0,4.437167183427298
均匀_content_Vc21.31,4.190000000000001,24.535588442565192,3.9464411557434818,0.8155650396671505,0.5245495846457067,46.47844523285004,0.004553159492867942,0.32241270293579866,0.33143287480474276,1.0747090097859955,1.1047762493491426,21.31,True,-8.362121661775745e-09,content,21.31,0.2054841340242402,0.8242101811775694,0.3234254737894167,100.0,4.371262615184264,0.09397776880256027,0.8282451339679522,0.33143287480474276,100.0,2.0486845625912724,0.23796850269655678,0.8244741548997719,0.32394272653713185,100.0,5.070398488648062,0.2533322176627914,0.8240062664813879,0.32302653253360386,100.0,5.3824871501491,0.20923737681385135,0.8236919744750842,0.32241270293579866,100.0,4.437167183427298
均匀_diffusion_Vc21.31,4.190000000000001,24.535588442565192,3.9464411557434818,0.9639497824021164,0.6579192496083728,90.5122954272239,0.0,0.32241270293579866,0.33143287480474276,1.0747090097859955,1.1047762493491426,21.31,True,-9.249845334124984e-10,diffusion,21.31,0.2054841340242402,0.9722202329967121,0.3234254737894167,100.0,4.371262615184264,0.09397776880256027,0.9722202329967121,0.33143287480474276,100.0,2.0486845625912724,0.23796850269655678,0.9722202329967121,0.32394272653713185,100.0,5.070398488648062,0.2533322176627914,0.9722202329967121,0.32302653253360386,100.0,5.3824871501491,0.20923737681385135,0.9722202329967121,0.32241270293579866,100.0,4.437167183427298
对比25_saturation_Vc86,4.190000000000021,24.535588442565246,3.946441155743476,0.87899015721322,0.5765859171687033,55.857844159629586,0.10334241931851118,0.40273270735406824,5.457998955704104,1.3424423578468943,18.193329852347016,86.0,True,-5.329098939910182e-09,saturation,86.0,0.04943179137762813,0.9722202274671443,5.425767373604183,100.0,17.640947203465355,0.02303044168322829,0.9722202280304323,5.457998955704104,100.0,8.267802551987304,0.05731577823839446,0.9722202275055541,5.427858520850489,100.0,20.46242468436102,0.8200242967402702,0.8688778087119211,0.40273270735406824,100.0,21.72190966273217,0.05019769196047882,0.9722202274258942,5.423537702225637,100.0,17.906915897454137
对比25_content_Vc86,4.190000000000021,24.535588442565246,3.946441155743476,0.8830762276658478,0.5799627691887147,56.67027280950657,0.09831567470907343,0.40273270735406824,5.457998955704104,1.3424423578468943,18.193329852347016,86.0,True,-7.54502593736106e-09,content,86.0,0.04943179137762813,0.9722202283479243,5.425767373604183,100.0,17.640947203465355,0.02303044168322829,0.9722202288214886,5.457998955704104,100.0,8.267802551987304,0.05731577823839446,0.9722202283802159,5.427858520850489,100.0,20.46242468436102,0.8200242967402702,0.8739045541124152,0.40273270735406824,100.0,21.72190966273217,0.05019769196047882,0.9722202283132447,5.423537702225637,100.0,17.906915897454137
对比25_diffusion_Vc86,4.190000000000021,24.535588442565246,3.946441155743476,0.9639127509348511,0.6578785528188975,90.47659674749006,4.2871440958047735e-05,0.40273270735406824,5.457998955704104,1.3424423578468943,18.193329852347016,86.0,True,-9.9544195109047e-10,diffusion,86.0,0.04943179137762813,0.972220232996712,5.425767373604183,100.0,17.640947203465355,0.02303044168322829,0.972220232996712,5.457998955704104,100.0,8.267802551987304,0.05731577823839446,0.972220232996712,5.427858520850489,100.0,20.46242468436102,0.8200242967402702,0.972177361555754,0.40273270735406824,100.0,21.72190966273217,0.05019769196047882,0.972220232996712,5.423537702225637,100.0,17.906915897454137
对比25_saturation_Vc21.31,4.190000000000021,24.535588442565246,3.946441155743476,0.6192741195454398,0.38427005905964073,32.09099174344021,0.41509630813391574,0.09979341853157205,1.352441369140168,0.3326447284385735,4.508137897133894,21.31,True,-1.1397844446037197e-08,saturation,21.31,0.04943179137762813,0.965566842350371,1.3444546829244783,100.0,4.371262615184264,0.02303044168322829,0.965741633830297,1.352441369140168,100.0,2.0486845625912724,0.05731577823839446,0.9655783243194703,1.3449728497595803,100.0,5.070398488648062,0.8200242967402702,0.5506453256963812,0.09979341853157205,100.0,5.3824871501491,0.05019769196047882,0.9655545779140012,1.3439021910980036,100.0,4.437167183427298
对比25_content_Vc21.31,4.190000000000021,24.535588442565246,3.946441155743476,0.6227112909666325,0.3865318816762457,32.26503765104585,0.4120256987373012,0.09979341853157205,1.352441369140168,0.3326447284385735,4.508137897133894,21.31,True,-1.0987037057930138e-08,content,21.31,0.04943179137762813,0.9665189254928535,1.3444546829244783,100.0,4.371262615184264,0.02303044168322829,0.9666714466616284,1.352441369140168,100.0,2.0486845625912724,0.05731577823839446,0.9665289485866234,1.3449728497595803,100.0,5.070398488648062,0.8200242967402702,0.5546457479243272,0.09979341853157205,100.0,5.3824871501491,0.05019769196047882,0.9665082187175766,1.3439021910980036,100.0,4.437167183427298
对比25_diffusion_Vc21.31,4.190000000000021,24.535588442565246,3.946441155743476,0.9639127509348511,0.6578785528188975,90.47659674749006,4.2871440958047735e-05,0.09979341853157205,1.352441369140168,0.3326447284385735,4.508137897133894,21.31,True,-9.9544195109047e-10,diffusion,21.31,0.04943179137762813,0.972220232996712,1.3444546829244783,100.0,4.371262615184264,0.02303044168322829,0.972220232996712,1.352441369140168,100.0,2.0486845625912724,0.05731577823839446,0.972220232996712,1.3449728497595803,100.0,5.070398488648062,0.8200242967402702,0.972177361555754,0.09979341853157205,100.0,5.3824871501491,0.05019769196047882,0.972220232996712,1.3439021910980036,100.0,4.437167183427298
