distal_multiplier_contrast_k,exchange_mode,tau_eq_s,DL_mL_min_mmHg,SaO2,endcap_saturation_range
1.0,saturation_exponential,0.3,25.0,0.9596733694367262,0.00047648721742665767
1.0,content_exponential,0.3115,25.0,0.9596019757608406,0.0004736317496822906
1.0,fixed_capacity,0.3,8.8,0.9638158230411669,3.998178742881109e-05
4.0,saturation_exponential,0.3,25.0,0.9436048464993684,0.038781296725076575
4.0,content_exponential,0.3115,25.0,0.9435408857109309,0.03883036260289552
4.0,fixed_capacity,0.3,8.8,0.9369867749575266,0.05278329585968
10.0,saturation_exponential,0.3,25.0,0.913892262540556,0.07307061805676085
10.0,content_exponential,0.3115,25.0,0.9134507479845538,0.07371925188246586
10.0,fixed_capacity,0.3,8.8,0.8566871033841528,0.15781592100641717
25.0,saturation_exponential,0.3,25.0,0.8789901572132203,0.10334241931851096
25.0,content_exponential,0.3115,25.0,0.877912006192906,0.10466879309821542
25.0,fixed_capacity,0.3,8.8,0.7457046010026951,0.26735873328612014
60.0,saturation_exponential,0.3,25.0,0.8508576705159112,0.124331337827019
60.0,content_exponential,0.3115,25.0,0.849164499002529,0.1262113744077239
60.0,fixed_capacity,0.3,8.8,0.654364884563311,0.3430100508011261

