volume_rule,tau_eq_s,distal_multiplier_contrast_k,PVR_WU,LUL_flow_fraction,SaO2,delta_SaO2_vs_uniform,tau_min_s,tau_max_s,chi_min,endcap_saturation_range
fixed,0.15,1.0,4.1899999999999995,0.2533322176627914,0.9638954221175767,0.0,1.3011493408014405,1.3375517237544763,8.67432893867627,1.1577665813833349e-05
fixed,0.15,2.0,4.190000000000009,0.37631526533121173,0.9635857152237205,-0.00030970689385623196,0.8775902429354188,1.5955721583913647,5.850601619569459,0.0008982062270711522
fixed,0.15,4.0,4.1900000000000155,0.5122495868979058,0.9616510207199495,-0.0022444013976272714,0.6447064352404166,2.032174242356683,4.298042901602778,0.004306718495211581
fixed,0.15,10.0,4.19000000000001,0.6839717607910588,0.9548176479995538,-0.009077774118022908,0.48284245644932466,3.1207010026075395,3.2189497096621644,0.012965189740232974
fixed,0.15,25.0,4.19000000000002,0.8200242967402702,0.9447669569253171,-0.019128465192259636,0.4027327073540684,5.457998955704105,2.6848847156937894,0.022835939341201206
fixed,0.15,60.0,4.1900000000000235,0.9064744821423201,0.9358480128326038,-0.028047409284972957,0.36432421610129156,10.47649574878513,2.428828107341944,0.03030974055864233
fixed,0.3,1.0,4.1899999999999995,0.2533322176627914,0.9596733694367262,0.0,1.3011493408014405,1.3375517237544763,4.337164469338135,0.00047648721742665767
fixed,0.3,2.0,4.190000000000009,0.37631526533121173,0.9561663751009041,-0.0035069943358221334,0.8775902429354188,1.5955721583913647,2.9253008097847295,0.01573213889391889
fixed,0.3,4.0,4.1900000000000155,0.5122495868979058,0.9436048464993684,-0.016068522937357832,0.6447064352404166,2.032174242356683,2.149021450801389,0.038781296725076575
fixed,0.3,10.0,4.19000000000001,0.6839717607910588,0.913892262540556,-0.04578110689617021,0.48284245644932466,3.1207010026075395,1.6094748548310822,0.07307061805676085
fixed,0.3,25.0,4.19000000000002,0.8200242967402702,0.8789901572132203,-0.08068321222350594,0.4027327073540684,5.457998955704105,1.3424423578468947,0.10334241931851096
fixed,0.3,60.0,4.1900000000000235,0.9064744821423201,0.8508576705159112,-0.108815698920815,0.36432421610129156,10.47649574878513,1.214414053670972,0.124331337827019
fixed,0.45,1.0,4.1899999999999995,0.2533322176627914,0.9450498858395285,0.0,1.3011493408014405,1.3375517237544763,2.891442979558757,0.0014421165414965076
fixed,0.45,2.0,4.190000000000009,0.37631526533121173,0.938796956406944,-0.006252929432584486,0.8775902429354188,1.5955721583913647,1.9502005398564861,0.038652471416707024
fixed,0.45,4.0,4.1900000000000155,0.5122495868979058,0.9178166878196087,-0.027233198019919858,0.6447064352404166,2.032174242356683,1.4326809672009257,0.08238496789106897
fixed,0.45,10.0,4.19000000000001,0.6839717607910588,0.8700297167033854,-0.07502016913614318,0.48284245644932466,3.1207010026075395,1.0729832365540548,0.13743718986906706
fixed,0.45,25.0,4.19000000000002,0.8200242967402702,0.8138146492759545,-0.13123523656357405,0.4027327073540684,5.457998955704105,0.8949615718979298,0.18351021817855617
fixed,0.45,60.0,4.1900000000000235,0.9064744821423201,0.7688378785336085,-0.17621200730592002,0.36432421610129156,10.47649574878513,0.8096093691139812,0.2154725579729011
fixed,0.6,1.0,4.1899999999999995,0.2533322176627914,0.9226503924264708,0.0,1.3011493408014405,1.3375517237544763,2.1685822346690675,0.002404451911908634
fixed,0.6,2.0,4.190000000000009,0.37631526533121173,0.9148998628267174,-0.00775052959975342,0.8775902429354188,1.5955721583913647,1.4626504048923648,0.05890888897347257
fixed,0.6,4.0,4.1900000000000155,0.5122495868979058,0.8897498279788406,-0.03290056444763023,0.6447064352404166,2.032174242356683,1.0745107254006945,0.11897954288983659
fixed,0.6,10.0,4.19000000000001,0.6839717607910588,0.8309019212826919,-0.09174847114377893,0.48284245644932466,3.1207010026075395,0.8047374274155411,0.19219758992053548
fixed,0.6,25.0,4.19000000000002,0.8200242967402702,0.7587028447351615,-0.16394754769130937,0.4027327073540684,5.457998955704105,0.6712211789234473,0.2512818552877012
fixed,0.6,60.0,4.1900000000000235,0.9064744821423201,0.7009412781152236,-0.2217091143112473,0.36432421610129156,10.47649574878513,0.607207026835486,0.2910496549828028
hybrid,0.15,1.0,4.1899999999999995,0.2533322176627914,0.9638955052986456,0.0,1.3043282418292916,1.3225294333058095,8.695521612195279,6.0108672512715344e-06
hybrid,0.15,2.0,4.190000000000009,0.37631526533121173,0.9638499864364936,-4.551886215209411e-05,1.092548692896281,1.451539650624254,7.2836579526418745,0.00019617824779105675
hybrid,0.15,4.0,4.1900000000000155,0.5122495868979058,0.9636941760106821,-0.00020132928796356975,0.9761067890487805,1.6698406926069138,6.507378593658537,0.00046487454113197657
hybrid,0.15,10.0,4.19000000000001,0.6839717607910588,0.9633700062270586,-0.0005254990715870544,0.8951747996532341,2.2141040727323418,5.9678319976882275,0.0008060494489317005
hybrid,0.15,25.0,4.19000000000002,0.8200242967402702,0.963041163835411,-0.000854341463234598,0.8551199251056065,3.382753049280625,5.7007995007040435,0.001054131279166537
hybrid,0.15,60.0,4.1900000000000235,0.9064744821423201,0.9628073048763022,-0.0010882004223434771,0.8359156794792181,5.892001445821137,5.57277119652812,0.0011990820081726472
hybrid,0.3,1.0,4.1899999999999995,0.2533322176627914,0.9596750353509892,0.0,1.3043282418292916,1.3225294333058095,4.347760806097639,0.00024287988381066494
hybrid,0.3,2.0,4.190000000000009,0.37631526533121173,0.9589422375055806,-0.0007327978454085837,1.092548692896281,1.451539650624254,3.6418289763209373,0.005846589497886745
hybrid,0.3,4.0,4.1900000000000155,0.5122495868979058,0.9567286906891116,-0.002946344661877598,0.9761067890487805,1.6698406926069138,3.2536892968292683,0.01121170693587259
hybrid,0.3,10.0,4.19000000000001,0.6839717607910588,0.952274291461059,-0.0074007438899301725,0.8951747996532341,2.2141040727323418,2.9839159988441137,0.016332765561271834
hybrid,0.3,25.0,4.19000000000002,0.8200242967402702,0.9478022820226615,-0.011872753328327712,0.8551199251056065,3.382753049280625,2.8503997503520218,0.019165645560014988
hybrid,0.3,60.0,4.1900000000000235,0.9064744821423201,0.9447111250312575,-0.014963910319731655,0.8359156794792181,5.892001445821137,2.78638559826406,0.02063539351618693
hybrid,0.45,1.0,4.1899999999999995,0.2533322176627914,0.9450532319332864,0.0,1.3043282418292916,1.3225294333058095,2.8985072040650923,0.0007304526480627072
hybrid,0.45,2.0,4.190000000000009,0.37631526533121173,0.9436577196774135,-0.001395512255872866,1.092548692896281,1.451539650624254,2.4278859842139577,0.016286109204391996
hybrid,0.45,4.0,4.1900000000000155,0.5122495868979058,0.9394141606229418,-0.005639071310344579,0.9761067890487805,1.6698406926069138,2.169126197886179,0.030558345894075356
hybrid,0.45,10.0,4.19000000000001,0.6839717607910588,0.9300422575805267,-0.015010974352759665,0.8951747996532341,2.2141040727323418,1.9892773325627424,0.045298138981818004
hybrid,0.45,25.0,4.19000000000002,0.8200242967402702,0.9192148430308235,-0.025838388902462928,0.8551199251056065,3.382753049280625,1.900266500234681,0.05370174037284137
hybrid,0.45,60.0,4.1900000000000235,0.9064744821423201,0.9112076731392519,-0.0338455587940345,0.8359156794792181,5.892001445821137,1.8575903988427067,0.05741294356453308
hybrid,0.6,1.0,4.1899999999999995,0.2533322176627914,0.9226547608853918,0.0,1.3043282418292916,1.3225294333058095,2.1738804030488197,0.0012139964803360437
hybrid,0.6,2.0,4.190000000000009,0.37631526533121173,0.9208743441837062,-0.0017804167016856054,1.092548692896281,1.451539650624254,1.8209144881604686,0.026159148080958983
hybrid,0.6,4.0,4.1900000000000155,0.5122495868979058,0.9154340680285806,-0.007220692856811151,0.9761067890487805,1.6698406926069138,1.6268446484146342,0.04902872927529034
hybrid,0.6,10.0,4.19000000000001,0.6839717607910588,0.9027506722967117,-0.01990408858868009,0.8951747996532341,2.2141040727323418,1.4919579994220569,0.07514157109028963
hybrid,0.6,25.0,4.19000000000002,0.8200242967402702,0.886595474156303,-0.03605928672908876,0.8551199251056065,3.382753049280625,1.4251998751760109,0.09223600023150136
hybrid,0.6,60.0,4.1900000000000235,0.9064744821423201,0.8733216707672242,-0.049333090118167555,0.8359156794792181,5.892001445821137,1.39319279913203,0.09936828969095635
flow,0.15,1.0,4.1899999999999995,0.2533322176627914,0.963895533973537,0.0,1.3075071428571425,1.307507142857143,8.716714285714284,0.0
flow,0.15,2.0,4.190000000000009,0.37631526533121173,0.9638955339735369,-1.1102230246251565e-16,1.3075071428571434,1.3075071428571436,8.71671428571429,0.0
flow,0.15,4.0,4.1900000000000155,0.5122495868979058,0.963895533973537,0.0,1.3075071428571439,1.307507142857144,8.716714285714293,0.0
flow,0.15,10.0,4.19000000000001,0.6839717607910588,0.963895533973537,0.0,1.3075071428571434,1.3075071428571436,8.71671428571429,0.0
flow,0.15,25.0,4.19000000000002,0.8200242967402702,0.963895533973537,0.0,1.3075071428571445,1.3075071428571448,8.716714285714298,0.0
flow,0.15,60.0,4.1900000000000235,0.9064744821423201,0.963895533973537,0.0,1.3075071428571445,1.3075071428571448,8.716714285714298,0.0
flow,0.3,1.0,4.1899999999999995,0.2533322176627914,0.9596756005618775,0.0,1.3075071428571425,1.307507142857143,4.358357142857142,0.0
flow,0.3,2.0,4.190000000000009,0.37631526533121173,0.9596756005618775,0.0,1.3075071428571434,1.3075071428571436,4.358357142857145,0.0
flow,0.3,4.0,4.1900000000000155,0.5122495868979058,0.9596756005618775,0.0,1.3075071428571439,1.307507142857144,4.358357142857146,0.0
flow,0.3,10.0,4.19000000000001,0.6839717607910588,0.9596756005618775,0.0,1.3075071428571434,1.3075071428571436,4.358357142857145,0.0
flow,0.3,25.0,4.19000000000002,0.8200242967402702,0.9596756005618775,0.0,1.3075071428571445,1.3075071428571448,4.358357142857149,0.0
flow,0.3,60.0,4.1900000000000235,0.9064744821423201,0.9596756005618775,0.0,1.3075071428571445,1.3075071428571448,4.358357142857149,0.0
flow,0.45,1.0,4.1899999999999995,0.2533322176627914,0.945054359951815,0.0,1.3075071428571425,1.307507142857143,2.905571428571428,0.0
flow,0.45,2.0,4.190000000000009,0.37631526533121173,0.945054359951815,0.0,1.3075071428571434,1.3075071428571436,2.9055714285714296,0.0
flow,0.45,4.0,4.1900000000000155,0.5122495868979058,0.945054359951815,0.0,1.3075071428571439,1.307507142857144,2.905571428571431,0.0
flow,0.45,10.0,4.19000000000001,0.6839717607910588,0.945054359951815,0.0,1.3075071428571434,1.3075071428571436,2.9055714285714296,0.0
flow,0.45,25.0,4.19000000000002,0.8200242967402702,0.9450543599518149,-1.1102230246251565e-16,1.3075071428571445,1.3075071428571448,2.9055714285714322,0.0
flow,0.45,60.0,4.1900000000000235,0.9064744821423201,0.945054359951815,0.0,1.3075071428571445,1.3075071428571448,2.9055714285714322,0.0
flow,0.6,1.0,4.1899999999999995,0.2533322176627914,0.9226562302440572,0.0,1.3075071428571425,1.307507142857143,2.179178571428571,0.0
flow,0.6,2.0,4.190000000000009,0.37631526533121173,0.9226562302440572,0.0,1.3075071428571434,1.3075071428571436,2.1791785714285723,1.1102230246251565e-16
flow,0.6,4.0,4.1900000000000155,0.5122495868979058,0.9226562302440572,0.0,1.3075071428571439,1.307507142857144,2.179178571428573,0.0
flow,0.6,10.0,4.19000000000001,0.6839717607910588,0.9226562302440574,2.220446049250313e-16,1.3075071428571434,1.3075071428571436,2.1791785714285723,1.1102230246251565e-16
flow,0.6,25.0,4.19000000000002,0.8200242967402702,0.9226562302440574,2.220446049250313e-16,1.3075071428571445,1.3075071428571448,2.1791785714285745,0.0
flow,0.6,60.0,4.1900000000000235,0.9064744821423201,0.9226562302440574,2.220446049250313e-16,1.3075071428571445,1.3075071428571448,2.1791785714285745,0.0

