transit_s,exchange_mode,calibrated_parameter,parameter_value,end_content_mL_dL,target_end_content_mL_dL,absolute_error_mL_dL
0.3,saturation_exponential,tau_eq_s,0.3,18.054045283759994,18.054045283759994,0.0
0.3,content_exponential,tau_eq_s,0.3115,18.050622573230083,18.054045283759994,0.003422710529910944
0.3,fixed_capacity,DL_mL_min_mmHg,8.8,17.83809473025625,18.054045283759994,0.21595055350374537
0.6,saturation_exponential,tau_eq_s,0.3,19.16107401678597,19.16107401678597,0.0
0.6,content_exponential,tau_eq_s,0.3115,19.16415697674385,19.16107401678597,0.0030829599578794387
0.6,fixed_capacity,DL_mL_min_mmHg,8.8,19.444517283656534,19.16107401678597,0.2834432668705631
1.2,saturation_exponential,tau_eq_s,0.3,19.75264097565041,19.75264097565041,0.0
1.2,content_exponential,tau_eq_s,0.3115,19.75145815584805,19.75264097565041,0.0011828198023629
1.2,fixed_capacity,DL_mL_min_mmHg,8.8,19.849868527630594,19.75264097565041,0.09722755198018262

