seed,sample_count,target_PVR_WU,SaO2_not_lower_fraction_tol_1e-6,SaO2_not_lower_fraction_tol_1e-5,SvO2_lower_fraction_tol_1e-4,SvO2_lower_fraction_tol_1e-3,median_delta_SaO2,median_delta_SvO2
20261008,200,3.0,0.655,0.655,1.0,1.0,0.0011462570828262297,-0.03862423724162023
20261008,200,4.19,0.625,0.625,1.0,1.0,0.0012739906776449983,-0.059704775172747915
20261008,200,6.0,0.625,0.625,0.995,0.995,0.0015146804811770331,-0.08277363633223511
20261008,200,10.0,0.635,0.635,0.98,0.975,0.0019781182274784537,-0.10250816776837418
20261008,500,3.0,0.626,0.626,0.996,0.996,0.0013551493902393963,-0.03837892938258047
20261008,500,4.19,0.612,0.612,0.996,0.996,0.0017576037659264299,-0.058930177082532065
20261008,500,6.0,0.59,0.59,0.99,0.99,0.0022848364427270895,-0.08290173646159976
20261008,500,10.0,0.582,0.582,0.978,0.978,0.002913027697394266,-0.10538474215332583
20261008,1000,3.0,0.641,0.641,0.993,0.991,0.0013091958546375682,-0.03840908991684694
20261008,1000,4.19,0.623,0.625,0.991,0.991,0.0017751231144271795,-0.05855793870643172
20261008,1000,6.0,0.606,0.606,0.987,0.987,0.002174708040559914,-0.08166173973790525
20261008,1000,10.0,0.605,0.605,0.982,0.982,0.0029973547191103345,-0.10271872592372988
20261009,200,3.0,0.615,0.62,0.995,0.995,0.0012298529748216436,-0.03758353429915995
20261009,200,4.19,0.59,0.59,0.995,0.995,0.0016571340079782337,-0.058348133444033445
20261009,200,6.0,0.585,0.585,0.995,0.995,0.0017967557349445884,-0.08220947538288514
20261009,200,10.0,0.575,0.575,0.99,0.99,0.0026016542583472413,-0.09971284562051258
20261009,500,3.0,0.674,0.674,0.996,0.996,0.0016583521961898717,-0.03759228127672437
20261009,500,4.19,0.652,0.652,0.996,0.996,0.0021713992523697545,-0.05815048632820358
20261009,500,6.0,0.636,0.636,0.996,0.996,0.0027546128898335853,-0.08283311424164747
20261009,500,10.0,0.63,0.63,0.994,0.994,0.0036965833929604175,-0.10409445226208669
20261009,1000,3.0,0.652,0.655,0.998,0.998,0.0014265008562627246,-0.03816006894663043
20261009,1000,4.19,0.643,0.643,0.997,0.997,0.0018795365577237155,-0.058138620204954916
20261009,1000,6.0,0.624,0.625,0.994,0.993,0.002348313216880893,-0.0822048000019121
20261009,1000,10.0,0.61,0.61,0.989,0.989,0.003076547798849194,-0.10284391438230717
20261010,200,3.0,0.665,0.665,0.99,0.99,0.0015290581488446864,-0.03776599482134807
20261010,200,4.19,0.665,0.665,0.99,0.99,0.002268637529474704,-0.05678984476248938
20261010,200,6.0,0.66,0.66,0.99,0.99,0.0027618834522348257,-0.08101608784967224
20261010,200,10.0,0.65,0.65,0.98,0.98,0.003381370940084505,-0.10419354959624277
20261010,500,3.0,0.632,0.632,0.998,0.996,0.0012158474588441215,-0.038121980494029095
20261010,500,4.19,0.614,0.614,0.996,0.996,0.0017940472446932865,-0.05823321202494003
20261010,500,6.0,0.602,0.602,0.996,0.996,0.0023084496573466118,-0.08293778828442672
20261010,500,10.0,0.598,0.6,0.982,0.982,0.0031593728535637133,-0.103320182423912
20261010,1000,3.0,0.627,0.628,0.996,0.994,0.00141317577439104,-0.03803200664744211
20261010,1000,4.19,0.618,0.618,0.994,0.994,0.0019117664647002042,-0.058065031065134776
20261010,1000,6.0,0.601,0.601,0.991,0.99,0.0024333656561718042,-0.08164350821504579
20261010,1000,10.0,0.599,0.599,0.983,0.983,0.0032463505470786136,-0.1017962986304971

