boundary,venous_admixture_fraction,systemic_Fick_VO2_mL_min,pulmonary_effective_uptake_mL_min,organ_actual_VO2_mL_min,pulmonary_systemic_residual_mL_min,organ_systemic_residual_mL_min,SaO2,converged,outer_iterations,ventilation_converged,ventilation_iterations,ventilation_residual_mmHg,alveolar_bound_hits
fixed_alveolar_PO2,0.0,249.78884924425859,249.7888492442586,249.78884924455497,2.842170943040401e-14,-2.96381585940253e-10,0.96825659746939,True,29,True,0,0.0,0
fixed_alveolar_PO2,0.03,249.5148069899732,249.51480698997307,249.51480699153655,-1.4210854715202004e-13,-1.5633361272193724e-09,0.9596733694367262,True,31,True,0,0.0,0
fixed_alveolar_PO2,0.1,248.80712924088317,248.80712924088328,248.80712924430335,1.1368683772161603e-13,-3.420183247726527e-09,0.9363642895420032,True,36,True,0,0.0,0
fixed_alveolar_PO2,0.2,245.6024067935151,245.60240679351506,245.6024067985931,-2.842170943040401e-14,-5.078021558801993e-09,0.8952668908972338,True,41,True,0,0.0,0
low_RLL_ventilation,0.0,248.99610719506762,248.99610719506768,248.99610720175772,5.684341886080802e-14,-6.690100917694508e-09,0.942698899304839,True,45,True,48,0.004963240488223164,0
low_RLL_ventilation,0.03,248.7087520538686,248.7087520538688,248.7087520610929,1.9895196601282805e-13,-7.2242869464389514e-09,0.9330440864849108,True,47,True,44,0.0048757449363989736,0
low_RLL_ventilation,0.1,247.1282425481663,247.1282425481663,247.12824255595498,0.0,-7.788685252307914e-09,0.9082031620263493,True,49,True,35,0.003901236720260215,0
low_RLL_ventilation,0.2,241.2748690972682,241.27486909726824,241.2748691086602,2.842170943040401e-14,-1.1391989573894534e-08,0.8677794214416921,True,52,True,22,0.0035101483507986586,0

